District,Total population,Population under age 18,Percent under age 18,Population ages 65+,Percent ages 65+,Male population,Percent male,Female population,Percent female,Latino population,Percent Latino,White population,Percent white,Black population,Percent black,Other race population,Percent other race,Foreign-born population,Percent foreign-born,Total households,Owner-occupied households,Homeownership rate,Cost-burdened households,Cost-burden rate,Households with a vehicle,Percent of households with a vehicle,Population ages 25+,Adults without high school degree,Percent of adults without high school degree,Adults with bachelor's or higher,Percent of adults with bachelor's or higher,Median household income,Poverty status known,Population in poverty,Poverty rate,Low-income population,Low-income rate,"Under 18, poverty status known",Children in poverty,Child poverty rate,Low-income children,Child low-income rate,"Ages 65+, poverty status known",Seniors in poverty,Senior poverty rate,Low-income seniors,Senior low-income rate,Households receiving public assistance/SNAP,Percent of households receiving public assistance/SNAP
State Senate District 1,95018,23340,0.246,11407,0.12,45091,0.475,49927,0.525,46316,0.487,28305,0.298,14590,0.154,5807,0.061,18513,0.195,35148,13175,0.375,16834,0.479,25716,0.732,58944,15131,0.257,12575,0.213,38803,92182,25070,0.272,45762,0.496,23073,8707,0.377,15199,0.659,11020,2074,0.188,4923,0.447,12638,0.36
State Senate District 2,96585,20054,0.208,13827,0.143,46038,0.477,50547,0.523,14288,0.148,24955,0.258,51949,0.538,5393,0.056,20899,0.216,37034,17695,0.478,15605,0.421,29054,0.785,64058,9965,0.156,17745,0.277,49211,91340,16366,0.179,32508,0.356,19799,5124,0.259,9959,0.503,13098,1768,0.135,4290,0.328,9972,0.269
State Senate District 3,100343,21970,0.219,14702,0.147,48672,0.485,51671,0.515,18441,0.184,57814,0.576,15649,0.156,8439,0.084,16987,0.169,39340,25889,0.658,14632,0.372,35785,0.91,70035,7275,0.104,21782,0.311,65214,99250,8915,0.09,23983,0.242,21538,2391,0.111,6828,0.317,14215,1152,0.081,3350,0.236,6030,0.153
State Senate District 4,100911,23063,0.229,15113,0.15,47892,0.475,53019,0.525,9991,0.099,70454,0.698,8520,0.084,11946,0.118,14326,0.142,40252,26957,0.67,12292,0.305,37417,0.93,70527,3929,0.056,33022,0.468,79480,99979,8394,0.084,18279,0.183,22918,2822,0.123,5824,0.254,14434,837,0.058,2441,0.169,4571,0.114
State Senate District 5,97737,21386,0.219,16942,0.173,46897,0.48,50840,0.52,7488,0.077,76361,0.781,4683,0.048,9205,0.094,15852,0.162,38312,28085,0.733,11192,0.292,35705,0.932,68689,3449,0.05,40972,0.596,95734,95809,6540,0.068,14380,0.15,21153,1526,0.072,3468,0.164,16105,1150,0.071,3059,0.19,2906,0.076
State Senate District 6,96685,21890,0.226,14028,0.145,47070,0.487,49615,0.513,30802,0.319,53288,0.551,7669,0.079,4926,0.051,16720,0.173,37466,18911,0.505,14674,0.392,32055,0.856,64333,10290,0.16,15631,0.243,49273,93657,16853,0.18,33990,0.363,21580,5687,0.264,10686,0.495,13440,1246,0.093,4268,0.318,9454,0.252
State Senate District 7,102107,19670,0.193,16390,0.161,53677,0.526,48430,0.474,7157,0.07,83701,0.82,5655,0.055,5594,0.055,6393,0.063,36638,29039,0.793,10203,0.278,35101,0.958,73622,6094,0.083,23796,0.323,81314,93844,5814,0.062,14740,0.157,19388,1714,0.088,3867,0.199,15719,634,0.04,3103,0.197,2785,0.076
State Senate District 8,96337,21753,0.226,16384,0.17,47682,0.495,48655,0.505,5506,0.057,84166,0.874,1359,0.014,5306,0.055,9070,0.094,37627,29848,0.793,11470,0.305,35697,0.949,68533,4258,0.062,33020,0.482,87070,95190,4985,0.052,13336,0.14,21552,1251,0.058,3150,0.146,15665,697,0.044,2833,0.181,2696,0.072
State Senate District 9,103128,19088,0.185,17710,0.172,49451,0.48,53677,0.52,9587,0.093,75980,0.737,7782,0.075,9779,0.095,15954,0.155,41935,27518,0.656,13058,0.311,38663,0.922,73451,5707,0.078,30053,0.409,74279,98342,7672,0.078,17009,0.173,18964,1952,0.103,3660,0.193,16720,1218,0.073,3926,0.235,4156,0.099
State Senate District 10,95842,22018,0.23,9461,0.099,45859,0.478,49983,0.522,21691,0.226,26764,0.279,39497,0.412,7890,0.082,15217,0.159,34450,11186,0.325,18987,0.551,25567,0.742,56461,9153,0.162,15425,0.273,36674,87637,23507,0.268,44215,0.505,21807,7739,0.355,14162,0.649,9003,1248,0.139,3405,0.378,10247,0.297
State Senate District 11,99088,18126,0.183,13386,0.135,46275,0.467,52813,0.533,24866,0.251,51101,0.516,15072,0.152,8049,0.081,15995,0.161,39161,16435,0.42,17911,0.457,31079,0.794,64851,7596,0.117,28823,0.444,52355,90985,16741,0.184,32111,0.353,17894,4797,0.268,8310,0.464,12834,1534,0.12,4355,0.339,6905,0.176
State Senate District 12,95117,19611,0.206,19723,0.207,45833,0.482,49284,0.518,3107,0.033,86718,0.912,985,0.01,4307,0.045,6266,0.066,37577,30627,0.815,12474,0.332,36232,0.964,69350,2932,0.042,34640,0.499,88721,94405,3880,0.041,10822,0.115,19411,795,0.041,2388,0.123,19272,729,0.038,3066,0.159,1866,0.05
State Senate District 13,96589,18414,0.191,16383,0.17,45918,0.475,50671,0.525,16516,0.171,68970,0.714,6475,0.067,4628,0.048,8738,0.09,39626,27224,0.687,12217,0.308,36221,0.914,71323,6963,0.098,22978,0.322,67022,95249,8748,0.092,20944,0.22,18260,2589,0.142,5850,0.32,15396,693,0.045,3322,0.216,7188,0.181
State Senate District 14,94641,18045,0.191,16626,0.176,46408,0.49,48233,0.51,7696,0.081,76582,0.809,4136,0.044,6227,0.066,10139,0.107,36977,27926,0.755,14205,0.384,34662,0.937,69843,4636,0.066,27011,0.387,80347,93961,6370,0.068,16734,0.178,17903,1587,0.089,3641,0.203,16167,1161,0.072,4041,0.25,2956,0.08
State Senate District 15,99770,25789,0.258,12003,0.12,48479,0.486,51291,0.514,34268,0.343,43291,0.434,16122,0.162,6089,0.061,15392,0.154,36224,17295,0.477,17250,0.476,29216,0.807,63541,12684,0.2,11568,0.182,40160,98342,24576,0.25,46201,0.47,25520,9218,0.361,15932,0.624,11530,1764,0.153,4726,0.41,10829,0.299
State Senate District 16,104301,22561,0.216,17247,0.165,52591,0.504,51710,0.496,10789,0.103,82221,0.788,7048,0.068,4243,0.041,10496,0.101,37775,27846,0.737,11198,0.296,35599,0.942,73268,6553,0.089,22788,0.311,77473,100976,6984,0.069,17949,0.178,22146,2177,0.098,5444,0.246,16678,964,0.058,3634,0.218,4652,0.123
State Senate District 17,99372,21881,0.22,14610,0.147,48018,0.483,51354,0.517,15345,0.154,63263,0.637,14051,0.141,6713,0.068,14381,0.145,36797,24883,0.676,14419,0.392,34161,0.928,68170,6429,0.094,21711,0.318,65573,98234,10339,0.105,22774,0.232,21769,3395,0.156,6610,0.304,14140,1024,0.072,3264,0.231,4656,0.127
State Senate District 18,101601,20722,0.204,16178,0.159,51546,0.507,50055,0.493,6565,0.065,83061,0.818,3446,0.034,8529,0.084,6578,0.065,40090,25589,0.638,13311,0.332,37760,0.942,70216,5639,0.08,21624,0.308,66660,97677,8167,0.084,22625,0.232,20339,2505,0.123,6657,0.327,15524,959,0.062,3526,0.227,4699,0.117
State Senate District 19,99917,21455,0.215,14508,0.145,50546,0.506,49371,0.494,9331,0.093,75677,0.757,5777,0.058,9132,0.091,8120,0.081,37597,26331,0.7,11468,0.305,35453,0.943,69718,6280,0.09,20715,0.297,70713,97627,8510,0.087,21905,0.224,21167,2801,0.132,6924,0.327,14139,715,0.051,3046,0.215,5021,0.134
State Senate District 20,96242,18724,0.195,17155,0.178,46826,0.487,49416,0.513,12294,0.128,71786,0.746,5427,0.056,6735,0.07,8861,0.092,37912,26230,0.692,13466,0.355,35014,0.924,66888,5836,0.087,23766,0.355,67690,90087,10288,0.114,21076,0.234,18461,3251,0.176,5929,0.321,16486,1042,0.063,3136,0.19,5417,0.143
State Senate District 21,102234,20298,0.199,19062,0.186,48542,0.475,53692,0.525,9092,0.089,82840,0.81,5265,0.051,5037,0.049,12819,0.125,39194,32751,0.836,14423,0.368,37425,0.955,74001,5157,0.07,29669,0.401,84558,101196,6182,0.061,16031,0.158,19952,1426,0.071,3469,0.174,18409,890,0.048,3819,0.207,2710,0.069
State Senate District 22,99821,22580,0.226,15146,0.152,48651,0.487,51170,0.513,20810,0.208,55974,0.561,16323,0.164,6714,0.067,22031,0.221,34672,23456,0.677,14075,0.406,31441,0.907,67178,8952,0.133,24011,0.357,76568,97954,8978,0.092,22136,0.226,22290,2813,0.126,6847,0.307,14729,871,0.059,3081,0.209,4423,0.128
State Senate District 23,98030,25632,0.261,8797,0.09,47157,0.481,50873,0.519,42298,0.431,12873,0.131,36931,0.377,5928,0.06,26439,0.27,32898,11574,0.352,18626,0.566,24608,0.748,60603,15661,0.258,8352,0.138,36289,94682,24639,0.26,50721,0.536,25064,9197,0.367,17350,0.692,8314,1607,0.193,4161,0.5,11834,0.36
State Senate District 24,107013,23081,0.216,14585,0.136,52667,0.492,54346,0.508,26428,0.247,65559,0.613,4979,0.047,10047,0.094,28109,0.263,37303,24529,0.658,14441,0.387,34714,0.931,73039,10278,0.141,24961,0.342,75336,103233,9671,0.094,24726,0.24,22585,2792,0.124,7303,0.323,13948,1253,0.09,3241,0.232,3816,0.102
State Senate District 25,102372,22881,0.224,13891,0.136,49329,0.482,53043,0.518,22616,0.221,59432,0.581,12903,0.126,7421,0.072,25548,0.25,37627,24084,0.64,15016,0.399,34847,0.926,70436,7337,0.104,32549,0.462,88813,101761,8326,0.082,21777,0.214,22689,2186,0.096,6131,0.27,13545,1111,0.082,2837,0.209,3038,0.081
State Senate District 26,107351,29947,0.279,16090,0.15,52607,0.49,54744,0.51,5535,0.052,93366,0.87,1302,0.012,7148,0.067,12490,0.116,37984,31240,0.822,12922,0.34,36804,0.969,71118,1661,0.023,50222,0.706,137890,106516,3579,0.034,9975,0.094,29703,715,0.024,2623,0.088,15625,587,0.038,1772,0.113,1319,0.035
State Senate District 27,108076,23501,0.217,12880,0.119,54163,0.501,53913,0.499,30918,0.286,50773,0.47,15700,0.145,10685,0.099,36909,0.342,40811,20222,0.496,18823,0.461,36197,0.887,74945,9178,0.122,33924,0.453,76762,107419,10198,0.095,27227,0.253,23134,2569,0.111,7605,0.329,12647,1441,0.114,3076,0.243,4323,0.106
State Senate District 28,104444,26411,0.253,16105,0.154,50655,0.485,53789,0.515,6226,0.06,90554,0.867,1292,0.012,6372,0.061,11407,0.109,35251,29860,0.847,12312,0.349,34249,0.972,67672,2795,0.041,41717,0.616,123834,99206,4219,0.043,10573,0.107,26168,889,0.034,2342,0.089,15108,560,0.037,2177,0.144,1204,0.034
State Senate District 29,101962,18e3,0.177,12933,0.127,49827,0.489,52135,0.511,12760,0.125,79950,0.784,2819,0.028,6433,0.063,7491,0.073,34148,21822,0.639,12666,0.371,31809,0.932,58726,7308,0.124,15644,0.266,55524,84182,12330,0.146,26582,0.316,17473,3163,0.181,6802,0.389,12064,667,0.055,2949,0.244,6063,0.178
State Senate District 30,95038,18346,0.193,17889,0.188,47381,0.499,47657,0.501,5487,0.058,83855,0.882,1391,0.015,4305,0.045,8220,0.086,37822,28944,0.765,13240,0.35,35816,0.947,69640,5179,0.074,26301,0.378,77819,94020,6855,0.073,16431,0.175,18114,1348,0.074,3161,0.175,17308,922,0.053,3561,0.206,2874,0.076
State Senate District 31,101782,20428,0.201,16477,0.162,49586,0.487,52196,0.513,10221,0.1,84836,0.834,2668,0.026,4057,0.04,7981,0.078,41669,29037,0.697,13613,0.327,38836,0.932,72794,7558,0.104,19436,0.267,63885,100786,8857,0.088,22304,0.221,20195,2343,0.116,5589,0.277,15909,1322,0.083,4179,0.263,5414,0.13
State Senate District 32,93105,19944,0.214,18425,0.198,44924,0.483,48181,0.517,5516,0.059,83116,0.893,1388,0.015,3085,0.033,6900,0.074,35681,28817,0.808,12025,0.337,34023,0.954,66780,4061,0.061,27678,0.414,84965,92304,5092,0.055,13062,0.142,19629,1050,0.053,2948,0.15,18033,1258,0.07,3654,0.203,2478,0.069
State Senate District 33,99937,20298,0.203,18757,0.188,49290,0.493,50647,0.507,3367,0.034,91860,0.919,1040,0.01,3670,0.037,5834,0.058,39897,32371,0.811,12702,0.318,38429,0.963,73015,3979,0.054,30286,0.415,87472,98968,5633,0.057,15620,0.158,20067,1040,0.052,3309,0.165,18174,662,0.036,3352,0.184,2382,0.06
State Senate District 34,96262,17820,0.185,17972,0.187,46160,0.48,50102,0.52,8835,0.092,79708,0.828,1972,0.02,5747,0.06,8496,0.088,36860,27876,0.756,12164,0.33,34817,0.945,71442,5787,0.081,23571,0.33,75554,94788,5097,0.054,14152,0.149,17689,1377,0.078,3370,0.191,16950,941,0.056,3575,0.211,3503,0.095
State Senate District 35,100982,20321,0.201,15594,0.154,50513,0.5,50469,0.5,4602,0.046,90619,0.897,1927,0.019,3834,0.038,5662,0.056,40351,29857,0.74,12478,0.309,38552,0.955,70836,4318,0.061,25253,0.356,77055,99913,6718,0.067,17833,0.178,19942,1612,0.081,3890,0.195,15087,553,0.037,2922,0.194,3663,0.091
State Senate District 36,98830,24604,0.249,16637,0.168,48049,0.486,50781,0.514,10973,0.111,74677,0.756,3882,0.039,9298,0.094,21976,0.222,34607,25094,0.725,11533,0.333,33360,0.964,68083,2924,0.043,45100,0.662,144566,97971,5371,0.055,11627,0.119,24514,1142,0.047,2590,0.106,15978,749,0.047,2154,0.135,1162,0.034
State House District 1,22923,5081,0.222,2540,0.111,11163,0.487,11760,0.513,5220,0.228,4353,0.19,11873,0.518,1477,0.064,6101,0.266,10360,1677,0.162,4912,0.474,6391,0.617,14828,3472,0.234,3419,0.231,30208,22541,7042,0.312,12274,0.545,5015,2159,0.431,3624,0.723,2402,682,0.284,1331,0.554,4005,0.387
State House District 2,24363,5388,0.221,3323,0.136,11939,0.49,12424,0.51,2107,0.086,19936,0.818,862,0.035,1458,0.06,3216,0.132,9166,7331,0.8,3285,0.358,8765,0.956,17161,925,0.054,8225,0.479,96818,24167,1053,0.044,3614,0.15,5192,180,0.035,994,0.191,3323,194,0.058,601,0.181,487,0.053
State House District 3,21702,5975,0.275,2156,0.099,10484,0.483,11218,0.517,13866,0.639,2622,0.121,4364,0.201,850,0.039,3970,0.183,8062,1494,0.185,4567,0.566,5164,0.641,13229,4667,0.353,1458,0.11,26519,21403,8541,0.399,13912,0.65,5905,2970,0.503,4634,0.785,2016,676,0.335,1341,0.665,3964,0.492
State House District 4,23089,4924,0.213,1944,0.084,11439,0.495,11650,0.505,12922,0.56,4366,0.189,4005,0.173,1796,0.078,4427,0.192,8738,1079,0.123,4702,0.538,5521,0.632,12918,3987,0.309,3001,0.232,30738,20877,7895,0.378,12945,0.62,4817,2281,0.474,3926,0.815,1912,663,0.347,1259,0.658,3949,0.452
State House District 5,23978,6051,0.252,2950,0.123,11326,0.472,12652,0.528,4956,0.207,4700,0.196,13689,0.571,633,0.026,4193,0.175,7863,4664,0.593,3529,0.449,6315,0.803,15393,2874,0.187,3081,0.2,49123,22591,4266,0.189,8648,0.383,5992,1740,0.29,3122,0.521,2717,312,0.115,890,0.328,2417,0.307
State House District 6,23375,6203,0.265,2451,0.105,11136,0.476,12239,0.524,14045,0.601,4375,0.187,3529,0.151,1426,0.061,5814,0.249,7949,3529,0.444,4090,0.515,6423,0.808,14513,3961,0.273,2021,0.139,41372,23097,5117,0.222,11307,0.49,6144,2150,0.35,3993,0.65,2252,330,0.147,923,0.41,2692,0.339
State House District 7,23314,5768,0.247,2469,0.106,10700,0.459,12614,0.541,5214,0.224,2968,0.127,13977,0.6,1155,0.05,4835,0.207,7671,2451,0.32,3579,0.467,5218,0.68,12833,2852,0.222,2232,0.174,35860,20455,5536,0.271,10965,0.536,5656,2065,0.365,4158,0.735,2469,483,0.196,1152,0.467,3305,0.431
State House District 8,23714,4725,0.199,3818,0.161,11537,0.487,12177,0.513,825,0.035,21911,0.924,261,0.011,717,0.03,1215,0.051,8991,8172,0.909,2273,0.253,8779,0.976,16626,559,0.034,6725,0.404,90926,23704,636,0.027,3062,0.129,4715,116,0.025,723,0.153,3818,33,0.009,499,0.131,413,0.046
State House District 9,25757,5854,0.227,3805,0.148,12384,0.481,13373,0.519,4673,0.181,11919,0.463,5163,0.2,4002,0.155,5666,0.22,9439,6151,0.652,3263,0.346,8401,0.89,17743,1736,0.098,5579,0.314,63991,25380,3152,0.124,6988,0.275,5833,1207,0.207,2309,0.396,3506,356,0.102,834,0.238,1730,0.183
State House District 10,22826,5277,0.231,3681,0.161,10709,0.469,12117,0.531,7675,0.336,8454,0.37,5699,0.25,998,0.044,4133,0.181,9524,4918,0.516,4398,0.462,7904,0.83,15876,2549,0.161,2665,0.168,44022,22243,3636,0.163,8138,0.366,5103,1277,0.25,2803,0.549,3362,515,0.153,1078,0.321,2950,0.31
State House District 11,24236,5229,0.216,2224,0.092,12353,0.51,11883,0.49,6085,0.251,8635,0.356,5697,0.235,3819,0.158,6986,0.288,9222,4118,0.447,3558,0.386,8214,0.891,16626,2063,0.124,5407,0.325,63330,24131,2715,0.113,7575,0.314,5134,538,0.105,2213,0.431,2224,100,0.045,375,0.169,1286,0.139
State House District 12,24344,5252,0.216,3346,0.137,11107,0.456,13237,0.544,3967,0.163,14932,0.613,3026,0.124,2419,0.099,3298,0.135,10320,6312,0.612,3571,0.346,9543,0.925,17022,1350,0.079,5442,0.32,63965,24119,2796,0.116,5616,0.233,5161,1042,0.202,1905,0.369,3239,146,0.045,636,0.196,1379,0.134
State House District 13,23632,5418,0.229,3798,0.161,11131,0.471,12501,0.529,2485,0.105,16933,0.717,2052,0.087,2162,0.091,2968,0.126,9412,6151,0.654,3031,0.322,8655,0.92,16326,1016,0.062,7144,0.438,75817,23435,2390,0.102,5438,0.232,5392,731,0.136,1699,0.315,3633,258,0.071,649,0.179,1603,0.17
State House District 14,24218,5394,0.223,4086,0.169,11797,0.487,12421,0.513,1289,0.053,19015,0.785,1037,0.043,2877,0.119,3124,0.129,9110,7813,0.858,2555,0.28,8626,0.947,16949,634,0.037,8543,0.504,98924,24055,685,0.028,2278,0.095,5287,48,0.009,310,0.059,4048,252,0.062,864,0.213,385,0.042
State House District 15,23022,3287,0.143,5422,0.236,10687,0.464,12335,0.536,1169,0.051,8370,0.364,12265,0.533,1218,0.053,4574,0.199,9396,6808,0.725,3315,0.353,8535,0.908,17723,1484,0.084,6404,0.361,75769,22452,1469,0.065,3661,0.163,3262,183,0.056,649,0.199,5085,287,0.056,981,0.193,1075,0.114
State House District 16,24015,5882,0.245,3871,0.161,11927,0.497,12088,0.503,1294,0.054,21033,0.876,515,0.021,1173,0.049,2399,0.1,8997,7444,0.827,2526,0.281,8648,0.961,16683,480,0.029,10787,0.647,110099,23795,822,0.035,2229,0.094,5832,154,0.026,440,0.075,3744,118,0.032,578,0.154,239,0.027
State House District 17,23458,5639,0.24,4075,0.174,11304,0.482,12154,0.518,1088,0.046,20455,0.872,110,0.005,1805,0.077,2200,0.094,8712,7661,0.879,2250,0.258,8561,0.983,16441,532,0.032,10362,0.63,114091,23168,649,0.028,1560,0.067,5625,133,0.024,346,0.062,3822,96,0.025,385,0.101,253,0.029
State House District 18,23129,4731,0.205,5059,0.219,10167,0.44,12962,0.56,1844,0.08,18256,0.789,1454,0.063,1575,0.068,3708,0.16,9072,5558,0.613,2730,0.301,7769,0.856,16533,950,0.057,10844,0.656,91875,21518,1865,0.087,3448,0.16,4650,452,0.097,731,0.157,4321,492,0.114,1079,0.25,1137,0.125
State House District 19,24841,6125,0.247,4527,0.182,12091,0.487,12750,0.513,861,0.035,20775,0.836,570,0.023,2635,0.106,3590,0.145,9710,8018,0.826,2619,0.27,9330,0.961,17425,342,0.02,12759,0.732,118543,24764,1044,0.042,2316,0.094,6090,282,0.046,570,0.094,4527,113,0.025,505,0.112,333,0.034
State House District 20,22079,4745,0.215,3045,0.138,10648,0.482,11431,0.518,3523,0.16,13642,0.618,1963,0.089,2951,0.134,4958,0.225,8943,6234,0.697,3210,0.359,8487,0.949,15477,1478,0.095,6980,0.451,71700,21989,1954,0.089,5335,0.243,4656,553,0.119,1475,0.317,3045,253,0.083,705,0.232,999,0.112
State House District 21,23920,5027,0.21,4276,0.179,11854,0.496,12066,0.504,986,0.041,19726,0.825,436,0.018,2772,0.116,4239,0.177,9588,6936,0.723,2610,0.272,8938,0.932,16832,704,0.042,9528,0.566,95680,23728,1541,0.065,3122,0.132,5021,256,0.051,708,0.141,4126,302,0.073,832,0.202,486,0.051
State House District 22,23115,4887,0.211,3762,0.163,11168,0.483,11947,0.517,3213,0.139,17545,0.759,1280,0.055,1077,0.047,2645,0.114,9403,6219,0.661,2941,0.313,8760,0.932,16452,1888,0.115,4326,0.263,59923,22755,2318,0.102,6066,0.267,4831,693,0.143,1665,0.345,3629,268,0.074,1093,0.301,1340,0.143
State House District 23,22996,4331,0.188,5969,0.26,11247,0.489,11749,0.511,653,0.028,20906,0.909,222,0.01,1215,0.053,1792,0.078,9740,7984,0.82,3489,0.358,9491,0.974,17723,962,0.054,8526,0.481,81116,22789,1029,0.045,3996,0.175,4241,70,0.017,827,0.195,5880,284,0.048,1132,0.193,292,0.03
State House District 24,22550,4917,0.218,3463,0.154,10515,0.466,12035,0.534,7468,0.331,11591,0.514,2270,0.101,1221,0.054,4226,0.187,8776,4711,0.537,3814,0.435,7851,0.895,15564,2369,0.152,3764,0.242,51919,22164,3319,0.15,7908,0.357,4876,1176,0.241,2538,0.521,3173,248,0.078,1053,0.332,1960,0.223
State House District 25,24244,6751,0.278,2204,0.091,12025,0.496,12219,0.504,13736,0.567,6326,0.261,3111,0.128,1071,0.044,2971,0.123,9783,1968,0.201,4871,0.498,6952,0.711,15141,4201,0.277,1474,0.097,28318,24087,8399,0.349,14705,0.61,6594,3056,0.463,4965,0.753,2204,476,0.216,1141,0.518,5051,0.516
State House District 26,24288,4385,0.181,3341,0.138,11896,0.49,12392,0.51,6674,0.275,14544,0.599,1645,0.068,1425,0.059,6576,0.271,9202,4489,0.488,3188,0.346,8324,0.905,15311,2300,0.15,3693,0.241,51584,22063,3585,0.162,7150,0.324,4318,961,0.223,2085,0.483,3137,321,0.102,937,0.299,1568,0.17
State House District 27,24729,4532,0.183,4962,0.201,11644,0.471,13085,0.529,2550,0.103,19136,0.774,935,0.038,2108,0.085,4518,0.183,10150,8207,0.809,2764,0.272,9590,0.945,18353,1487,0.081,7103,0.387,80660,24502,1071,0.044,3691,0.151,4482,163,0.036,779,0.174,4805,348,0.072,1088,0.226,723,0.071
State House District 28,23859,4679,0.196,4892,0.205,11085,0.465,12774,0.535,2574,0.108,18837,0.79,879,0.037,1569,0.066,4235,0.178,9617,7662,0.797,3022,0.314,8987,0.934,17165,1442,0.084,7288,0.425,80663,23826,1128,0.047,3364,0.141,4662,163,0.035,692,0.148,4876,291,0.06,1066,0.219,785,0.082
State House District 29,24769,4544,0.183,4753,0.192,11877,0.48,12892,0.52,1750,0.071,18272,0.738,1188,0.048,3559,0.144,5104,0.206,10350,6552,0.633,3002,0.29,9465,0.914,18464,1260,0.068,8664,0.469,80821,24411,1656,0.068,3361,0.138,4512,266,0.059,519,0.115,4477,369,0.082,1078,0.241,815,0.079
State House District 30,25217,5437,0.216,4949,0.196,12525,0.497,12692,0.503,1174,0.047,22948,0.91,110,0.004,985,0.039,2601,0.103,9868,8157,0.827,2841,0.288,9533,0.966,18377,1106,0.06,7176,0.39,91258,25131,1113,0.044,2894,0.115,5406,256,0.047,663,0.123,4905,229,0.047,949,0.193,550,0.056
State House District 31,24364,6043,0.248,4139,0.17,11809,0.485,12555,0.515,730,0.03,21411,0.879,273,0.011,1950,0.08,2310,0.095,9307,7994,0.859,2351,0.253,9065,0.974,17020,540,0.032,10951,0.643,114675,24220,782,0.032,1989,0.082,6025,130,0.022,349,0.058,4031,214,0.053,533,0.132,281,0.03
State House District 32,23453,4679,0.2,4365,0.186,11658,0.497,11795,0.503,1406,0.06,20278,0.865,1187,0.051,582,0.025,1610,0.069,9579,7940,0.829,2788,0.291,8984,0.938,17529,1207,0.069,7224,0.412,83360,23092,1227,0.053,3081,0.133,4669,246,0.053,538,0.115,4071,187,0.046,862,0.212,549,0.057
State House District 33,24278,3830,0.158,2830,0.117,11703,0.482,12575,0.518,2012,0.083,17339,0.714,2618,0.108,2309,0.095,3206,0.132,9619,4945,0.514,3104,0.323,8700,0.904,15189,1030,0.068,6193,0.408,67217,20969,1918,0.091,4255,0.203,3776,495,0.131,940,0.249,2677,249,0.093,765,0.286,1117,0.116
State House District 34,23440,5087,0.217,3491,0.149,11873,0.507,11567,0.493,921,0.039,21161,0.903,253,0.011,1105,0.047,1208,0.052,8928,7512,0.841,2533,0.284,8742,0.979,16845,921,0.055,6723,0.399,93412,23261,1178,0.051,3293,0.142,5057,240,0.047,812,0.161,3382,155,0.046,651,0.192,682,0.076
State House District 35,23547,4551,0.193,4356,0.185,11545,0.49,12002,0.51,1151,0.049,21689,0.921,146,0.006,561,0.024,1702,0.072,9330,7773,0.833,3504,0.376,8989,0.963,17379,1005,0.058,6974,0.401,83765,23437,1690,0.072,4067,0.174,4472,325,0.073,791,0.177,4338,196,0.045,823,0.19,730,0.078
State House District 36,23739,4562,0.192,5452,0.23,11525,0.485,12214,0.515,589,0.025,22140,0.933,380,0.016,630,0.027,1260,0.053,9939,7862,0.791,3072,0.309,9542,0.96,17525,646,0.037,8145,0.465,88907,23465,1165,0.05,3203,0.137,4488,200,0.045,471,0.105,5291,99,0.019,836,0.158,441,0.044
State House District 37,23098,4472,0.194,4712,0.204,11166,0.483,11932,0.517,1504,0.065,19094,0.827,714,0.031,1786,0.077,1894,0.082,8874,7238,0.816,2555,0.288,8583,0.967,17111,1007,0.059,7702,0.45,87885,21396,840,0.039,2206,0.103,4394,261,0.059,467,0.106,4551,135,0.03,608,0.134,502,0.057
State House District 38,23779,4542,0.191,5110,0.215,11854,0.499,11925,0.501,1316,0.055,20212,0.85,605,0.025,1646,0.069,1742,0.073,9550,8128,0.851,2788,0.292,9072,0.95,17411,1181,0.068,6049,0.347,76614,23286,1668,0.072,4032,0.173,4426,404,0.091,947,0.214,4819,306,0.063,915,0.19,867,0.091
State House District 39,23110,4615,0.2,2121,0.092,11040,0.478,12070,0.522,8052,0.348,10045,0.435,3476,0.15,1537,0.067,3518,0.152,8653,2478,0.286,4509,0.521,6840,0.79,13162,2614,0.199,2487,0.189,32877,19660,6135,0.312,10616,0.54,4580,2179,0.476,3466,0.757,1928,337,0.175,771,0.4,3465,0.4
State House District 40,23830,5182,0.217,2292,0.096,13451,0.564,10379,0.436,2654,0.111,17508,0.735,1640,0.069,2028,0.085,1602,0.067,8531,4162,0.488,2985,0.35,8139,0.954,14469,653,0.045,4872,0.337,71027,20868,1202,0.058,4180,0.2,5069,414,0.082,1350,0.266,2188,101,0.046,530,0.242,608,0.071
State House District 41,22414,3779,0.169,4438,0.198,10644,0.475,11770,0.525,2557,0.114,16152,0.721,1076,0.048,2629,0.117,2422,0.108,10388,5309,0.511,3981,0.383,9397,0.905,16096,1162,0.072,6938,0.431,58556,21686,2582,0.119,5843,0.269,3774,883,0.234,1556,0.412,4217,227,0.054,1028,0.244,1537,0.148
State House District 42,23496,4588,0.195,3247,0.138,12589,0.536,10907,0.464,1619,0.069,17731,0.755,1136,0.048,3010,0.128,1952,0.083,8535,6796,0.796,2259,0.265,8338,0.977,17013,1325,0.078,4771,0.28,78148,21850,1147,0.052,3856,0.176,4535,385,0.085,1230,0.271,3214,158,0.049,490,0.152,728,0.085
State House District 43,23753,4514,0.19,5169,0.218,11589,0.488,12164,0.512,681,0.029,21176,0.892,298,0.013,1598,0.067,1115,0.047,9867,7331,0.743,3100,0.314,9480,0.961,17728,912,0.051,7550,0.426,77492,23464,1775,0.076,4176,0.178,4482,555,0.124,1124,0.251,4984,251,0.05,782,0.157,708,0.072
State House District 44,24201,5280,0.218,3599,0.149,11898,0.492,12303,0.508,1353,0.056,20854,0.862,525,0.022,1469,0.061,1220,0.05,9389,6427,0.685,3172,0.338,8757,0.933,17111,2391,0.14,3087,0.18,61202,23877,2440,0.102,6091,0.255,5139,573,0.112,1751,0.341,3429,279,0.081,971,0.283,1563,0.166
State House District 45,22898,5133,0.224,3073,0.134,11364,0.496,11534,0.504,769,0.034,20500,0.895,345,0.015,1284,0.056,961,0.042,8660,6569,0.759,2629,0.304,8299,0.958,15795,1901,0.12,2697,0.171,63656,22582,1892,0.084,5727,0.254,4976,526,0.106,1614,0.324,2929,174,0.059,775,0.265,1316,0.152
State House District 46,24321,5698,0.234,2814,0.116,11569,0.476,12752,0.524,4701,0.193,13783,0.567,3145,0.129,2692,0.111,3017,0.124,9741,4273,0.439,3697,0.38,8549,0.878,15793,2214,0.14,2693,0.171,50291,24131,4518,0.187,8889,0.368,5617,1733,0.309,2924,0.521,2727,272,0.1,1018,0.373,2450,0.252
State House District 47,24787,5127,0.207,3975,0.16,12652,0.51,12135,0.49,1133,0.046,22353,0.902,242,0.01,1059,0.043,902,0.036,8990,7502,0.834,2610,0.29,8818,0.981,17921,1493,0.083,4440,0.248,77327,24597,1228,0.05,4201,0.171,5039,208,0.041,1248,0.248,3904,99,0.025,664,0.17,973,0.108
State House District 48,23687,5256,0.222,3361,0.142,11904,0.503,11783,0.497,948,0.04,21301,0.899,398,0.017,1040,0.044,1426,0.06,8750,6868,0.785,2365,0.27,8475,0.969,16607,953,0.057,6576,0.396,93275,23496,1219,0.052,3316,0.141,5244,217,0.041,747,0.142,3206,124,0.039,469,0.146,539,0.062
State House District 49,23602,4584,0.194,2795,0.118,10964,0.465,12638,0.535,9001,0.381,12357,0.524,1163,0.049,1081,0.046,2511,0.106,8294,3828,0.462,3869,0.466,7344,0.885,13487,2575,0.191,2706,0.201,39932,20218,5343,0.264,10349,0.512,4490,1645,0.366,3138,0.699,2483,162,0.065,605,0.244,2644,0.319
State House District 50,22946,4738,0.206,3918,0.171,12102,0.527,10844,0.473,772,0.034,21615,0.942,140,0.006,419,0.018,892,0.039,8728,7151,0.819,2430,0.278,8325,0.954,16548,1195,0.072,5782,0.349,80973,22118,1305,0.059,3199,0.145,4622,347,0.075,774,0.167,3841,182,0.047,569,0.148,866,0.099
State House District 51,23518,4815,0.205,3701,0.157,11468,0.488,12050,0.512,589,0.025,22288,0.948,38,0.002,603,0.026,633,0.027,9384,6696,0.714,2893,0.308,8877,0.946,16869,1985,0.118,3892,0.231,60966,23054,1913,0.083,6011,0.261,4686,692,0.148,1688,0.36,3473,187,0.054,1077,0.31,1157,0.123
State House District 52,23274,4530,0.195,3416,0.147,12304,0.529,10970,0.471,1233,0.053,20198,0.868,933,0.04,910,0.039,1110,0.048,8010,6120,0.764,2671,0.333,7601,0.949,16162,1830,0.113,4111,0.254,76e3,20946,1710,0.082,4229,0.202,4451,517,0.116,1223,0.275,3195,166,0.052,683,0.214,868,0.108
State House District 53,24130,5208,0.216,3300,0.137,12454,0.516,11676,0.484,895,0.037,22195,0.92,221,0.009,819,0.034,1081,0.045,8918,7494,0.84,2508,0.281,8742,0.98,16210,729,0.045,6505,0.401,91757,23942,1648,0.069,4099,0.171,5147,279,0.054,916,0.178,3182,119,0.037,574,0.18,468,0.052
State House District 54,23001,1555,0.068,1670,0.073,11194,0.487,11807,0.513,1326,0.058,17272,0.751,978,0.043,3425,0.149,2689,0.117,4450,2454,0.551,1872,0.421,4209,0.946,5893,277,0.047,3224,0.547,52500,9979,1991,0.2,3355,0.336,1409,91,0.065,270,0.192,1588,52,0.033,255,0.161,328,0.074
State House District 55,24167,5461,0.226,3427,0.142,12059,0.499,12108,0.501,791,0.033,22498,0.931,232,0.01,646,0.027,1036,0.043,8806,8028,0.912,2331,0.265,8641,0.981,16691,599,0.036,8288,0.497,102683,23994,493,0.021,2043,0.085,5392,69,0.013,557,0.103,3324,69,0.021,448,0.135,355,0.04
State House District 56,24299,4321,0.178,4110,0.169,11690,0.481,12609,0.519,2078,0.086,18871,0.777,1399,0.058,1951,0.08,2292,0.094,11250,5264,0.468,4364,0.388,10362,0.921,17839,1419,0.08,5921,0.332,55597,23842,2546,0.107,6449,0.27,4137,706,0.171,1306,0.316,3854,214,0.056,1099,0.285,1652,0.147
State House District 57,24232,5524,0.228,3335,0.138,11739,0.484,12493,0.516,1229,0.051,20699,0.854,773,0.032,1531,0.063,1959,0.081,10006,6813,0.681,3189,0.319,9716,0.971,17097,1019,0.06,6323,0.37,80678,24204,1028,0.042,3395,0.14,5497,192,0.035,843,0.153,3335,151,0.045,706,0.212,810,0.081
State House District 58,24073,4766,0.198,3960,0.164,11746,0.488,12327,0.512,2558,0.106,18792,0.781,1131,0.047,1592,0.066,2283,0.095,9709,6092,0.627,2926,0.301,9116,0.939,17270,1477,0.086,4527,0.262,62902,23809,2627,0.11,5493,0.231,4686,838,0.179,1502,0.321,3833,176,0.046,938,0.245,1213,0.125
State House District 59,23483,3897,0.166,3607,0.154,13077,0.557,10406,0.443,1752,0.075,18806,0.801,1701,0.072,1224,0.052,1220,0.052,7932,6793,0.856,1848,0.233,7539,0.95,17403,1755,0.101,4326,0.249,81394,20078,773,0.038,2769,0.138,3795,192,0.051,645,0.17,3354,186,0.055,780,0.233,418,0.053
State House District 60,22882,4186,0.183,3955,0.173,11532,0.504,11350,0.496,1610,0.07,16339,0.714,2605,0.114,2328,0.102,2490,0.109,9179,7193,0.784,2649,0.289,8810,0.96,16992,1093,0.064,6027,0.355,79911,22682,1290,0.057,3331,0.147,4137,334,0.081,826,0.2,3847,152,0.04,654,0.17,627,0.068
State House District 61,23147,4699,0.203,3640,0.157,12269,0.53,10878,0.47,1495,0.065,18795,0.812,1711,0.074,1146,0.05,1531,0.066,7901,6605,0.836,2302,0.291,7620,0.964,16383,1141,0.07,7078,0.432,94764,20630,987,0.048,2681,0.13,4628,342,0.074,805,0.174,3438,63,0.018,506,0.147,384,0.049
State House District 62,23913,5637,0.236,3752,0.157,11709,0.49,12204,0.51,407,0.017,22758,0.952,113,0.005,635,0.027,1023,0.043,8998,8194,0.911,2331,0.259,8848,0.983,16843,703,0.042,8275,0.491,101060,23812,743,0.031,2e3,0.084,5620,118,0.021,286,0.051,3668,139,0.038,593,0.162,387,0.043
State House District 63,22588,4006,0.177,4149,0.184,11218,0.497,11370,0.503,804,0.036,20502,0.908,329,0.015,953,0.042,1375,0.061,9366,6918,0.739,3330,0.356,8851,0.945,16616,1507,0.091,4317,0.26,68168,22388,2084,0.093,5008,0.224,3969,378,0.095,1079,0.272,4023,335,0.083,965,0.24,910,0.097
State House District 64,21907,3656,0.167,5666,0.259,10838,0.495,11069,0.505,828,0.038,19992,0.913,444,0.02,643,0.029,1589,0.073,9243,7311,0.791,3109,0.336,8851,0.958,17012,972,0.057,6892,0.405,77541,21275,1379,0.065,3706,0.174,3551,256,0.072,726,0.204,5347,207,0.039,1072,0.2,506,0.055
State House District 65,22632,4428,0.196,3716,0.164,11754,0.519,10878,0.481,3234,0.143,17364,0.767,675,0.03,1359,0.06,2727,0.12,9686,5347,0.552,3719,0.384,8423,0.87,16528,2796,0.169,2818,0.17,50594,22141,2972,0.134,7325,0.331,4316,835,0.193,1873,0.434,3454,348,0.101,1137,0.329,2090,0.216
State House District 66,22668,4612,0.203,4634,0.204,10855,0.479,11813,0.521,935,0.041,21009,0.927,134,0.006,590,0.026,1349,0.06,9380,7329,0.781,3189,0.34,8967,0.956,17e3,950,0.056,7664,0.451,81639,22572,1384,0.061,3554,0.157,4574,337,0.074,813,0.178,4581,330,0.072,954,0.208,505,0.054
State House District 67,23468,4683,0.2,3543,0.151,11750,0.501,11718,0.499,1791,0.076,20251,0.863,420,0.018,1006,0.043,2384,0.102,8791,6897,0.785,3146,0.358,8327,0.947,16820,1313,0.078,6754,0.402,81529,23250,1459,0.063,3665,0.158,4625,355,0.077,618,0.134,3383,141,0.042,732,0.216,604,0.069
State House District 68,23112,4819,0.209,4086,0.177,11162,0.483,11950,0.517,748,0.032,21517,0.931,409,0.018,438,0.019,1807,0.078,8708,7017,0.806,2551,0.293,8189,0.94,16424,1277,0.078,5195,0.316,76970,22936,963,0.042,2986,0.13,4749,142,0.03,552,0.116,3984,334,0.084,1030,0.259,1018,0.117
State House District 69,24045,4506,0.187,7184,0.299,11499,0.478,12546,0.522,1236,0.051,21786,0.906,178,0.007,845,0.035,1735,0.072,10135,8661,0.855,3982,0.393,9585,0.946,18341,1130,0.062,9328,0.509,85056,23703,1760,0.074,3426,0.145,4376,371,0.085,662,0.151,7052,622,0.088,1474,0.209,370,0.037
State House District 70,22937,4957,0.216,3172,0.138,11546,0.503,11391,0.497,2121,0.092,18434,0.804,1110,0.048,1272,0.055,2827,0.123,8615,6180,0.717,3036,0.352,8237,0.956,16054,1623,0.101,4068,0.253,66192,22920,1997,0.087,5366,0.234,4940,471,0.095,1488,0.301,3172,206,0.065,749,0.236,891,0.103
State House District 71,22816,5070,0.222,3847,0.169,11017,0.483,11799,0.517,3692,0.162,15744,0.69,1898,0.083,1482,0.065,3618,0.159,8577,6041,0.704,3586,0.418,7956,0.928,15894,1800,0.113,5197,0.327,62126,22410,3043,0.136,6362,0.284,5042,1194,0.237,2132,0.423,3813,241,0.063,963,0.253,1264,0.147
State House District 72,23811,6409,0.269,2353,0.099,11329,0.476,12482,0.524,10990,0.462,5339,0.224,6319,0.265,1163,0.049,3408,0.143,8435,3248,0.385,4240,0.503,6546,0.776,14558,3482,0.239,1324,0.091,35669,23689,7365,0.311,13193,0.557,6380,3009,0.472,4748,0.744,2263,338,0.149,866,0.383,3071,0.364
State House District 73,24085,6694,0.278,2677,0.111,11541,0.479,12544,0.521,6842,0.284,11539,0.479,4109,0.171,1595,0.066,3298,0.137,8456,4930,0.583,3811,0.451,7478,0.884,14654,1953,0.133,3339,0.228,50740,23879,4854,0.203,9532,0.399,6639,2076,0.313,3658,0.551,2554,291,0.114,1053,0.412,1753,0.207
State House District 74,24356,5941,0.244,3377,0.139,11863,0.487,12493,0.513,6852,0.281,12103,0.497,4e3,0.164,1401,0.058,4364,0.179,9024,3798,0.421,4014,0.445,7701,0.853,16136,2614,0.162,2349,0.146,47448,24008,3827,0.159,9412,0.392,5906,1500,0.254,3636,0.616,3175,365,0.115,1153,0.363,2593,0.287
State House District 75,21749,5667,0.261,2535,0.117,10594,0.487,11155,0.513,11968,0.55,4973,0.229,3634,0.167,1174,0.054,3553,0.163,7933,1747,0.22,4361,0.55,4655,0.587,13681,4899,0.358,1184,0.087,21605,21033,8517,0.405,14216,0.676,5522,2754,0.499,4418,0.8,2275,758,0.333,1484,0.652,4244,0.535
State House District 76,24388,5352,0.219,3724,0.153,11945,0.49,12443,0.51,535,0.022,23264,0.954,73,0.003,516,0.021,1209,0.05,9015,8010,0.889,2452,0.272,8806,0.977,17205,1039,0.06,6101,0.355,89707,24290,1089,0.045,2954,0.122,5254,337,0.064,688,0.131,3724,107,0.029,540,0.145,415,0.046
State House District 77,24243,4931,0.203,4699,0.194,11466,0.473,12777,0.527,2807,0.116,19965,0.824,534,0.022,937,0.039,1955,0.081,9945,6974,0.701,3167,0.318,9301,0.935,17387,1516,0.087,4216,0.242,65928,23817,2138,0.09,4879,0.205,4846,578,0.119,1176,0.243,4437,440,0.099,1282,0.289,1329,0.134
State House District 78,23841,4934,0.207,3435,0.144,11616,0.487,12225,0.513,1338,0.056,21410,0.898,299,0.013,794,0.033,1529,0.064,9350,7490,0.801,3209,0.343,8911,0.953,16780,1573,0.094,4624,0.276,72261,23737,1563,0.066,3867,0.163,4892,345,0.071,911,0.186,3375,275,0.081,740,0.219,991,0.106
State House District 79,24279,4751,0.196,3291,0.136,12068,0.497,12211,0.503,4552,0.187,17023,0.701,1192,0.049,1512,0.062,2537,0.104,10423,5645,0.542,3651,0.35,9121,0.875,17239,2449,0.142,4461,0.259,53851,24012,3203,0.133,7821,0.326,4716,856,0.182,2054,0.436,3107,344,0.111,1005,0.323,2061,0.198
State House District 80,23085,4716,0.204,3816,0.165,11629,0.504,11456,0.496,964,0.042,21004,0.91,589,0.026,528,0.023,1714,0.074,8008,7111,0.888,2106,0.263,7901,0.987,16292,1203,0.074,5153,0.316,89804,22749,768,0.034,2708,0.119,4688,143,0.031,649,0.138,3700,140,0.038,810,0.219,539,0.067
State House District 81,23010,4545,0.198,5050,0.219,11180,0.486,11830,0.514,864,0.038,21280,0.925,303,0.013,563,0.024,1638,0.071,9474,7154,0.755,2609,0.275,8995,0.949,17096,1058,0.062,5652,0.331,76576,22832,1085,0.048,2826,0.124,4508,355,0.079,564,0.125,4925,162,0.033,1025,0.208,821,0.087
State House District 82,23683,3727,0.157,4343,0.183,11503,0.486,12180,0.514,2775,0.117,18408,0.777,1478,0.062,1022,0.043,2175,0.092,9988,7548,0.756,3105,0.311,9457,0.947,18229,1494,0.082,4944,0.271,72710,23242,1113,0.048,4041,0.174,3719,212,0.057,794,0.213,3990,161,0.04,888,0.223,1411,0.141
State House District 83,26369,4941,0.187,4621,0.175,12950,0.491,13419,0.509,3509,0.133,20609,0.782,1442,0.055,809,0.031,1830,0.069,10147,7944,0.783,2644,0.261,9634,0.949,19563,1903,0.097,5204,0.266,71790,26127,1918,0.073,4434,0.17,4922,491,0.1,1199,0.244,4447,164,0.037,865,0.195,1310,0.129
State House District 84,20318,4823,0.237,2364,0.116,9323,0.459,10995,0.541,9274,0.456,8310,0.409,2380,0.117,354,0.017,1935,0.095,8781,3241,0.369,3691,0.42,7026,0.8,13986,2728,0.195,2509,0.179,39726,20171,4594,0.228,9348,0.463,4745,1661,0.35,3213,0.677,2330,282,0.121,903,0.388,3996,0.455
State House District 85,22377,3753,0.168,3994,0.178,10642,0.476,11735,0.524,2279,0.102,18502,0.827,255,0.011,1341,0.06,2184,0.098,9265,6426,0.694,2708,0.292,8770,0.947,16897,1328,0.079,6161,0.365,67318,21837,917,0.042,3037,0.139,3710,240,0.065,613,0.165,3716,136,0.037,813,0.219,1276,0.138
State House District 86,23013,4550,0.198,4174,0.181,11321,0.492,11692,0.508,1038,0.045,20816,0.905,479,0.021,680,0.03,1157,0.05,8463,7595,0.897,2536,0.3,8277,0.978,16898,748,0.044,7021,0.415,97891,22910,693,0.03,1941,0.085,4543,154,0.034,473,0.104,4102,149,0.036,489,0.119,349,0.041
State House District 87,23888,4765,0.199,4536,0.19,11202,0.469,12686,0.531,1097,0.046,20001,0.837,739,0.031,2051,0.086,2339,0.098,8367,6969,0.833,2768,0.331,7970,0.953,17436,856,0.049,7286,0.418,93696,23715,925,0.039,2736,0.115,4725,104,0.022,477,0.101,4448,343,0.077,1111,0.25,467,0.056
State House District 88,23448,3335,0.142,3600,0.154,10881,0.464,12567,0.536,1215,0.052,18514,0.79,1907,0.081,1812,0.077,2379,0.101,8503,5828,0.685,3025,0.356,8026,0.944,14197,443,0.031,8020,0.565,72540,18729,1571,0.084,3046,0.163,3291,274,0.083,550,0.167,3333,261,0.078,765,0.23,399,0.047
State House District 89,23190,4824,0.208,3959,0.171,11169,0.482,12021,0.518,961,0.041,20203,0.871,678,0.029,1348,0.058,2229,0.096,8364,7570,0.905,2e3,0.239,8145,0.974,16815,760,0.045,7835,0.466,106119,23068,684,0.03,1944,0.084,4824,121,0.025,427,0.089,3848,117,0.03,470,0.122,412,0.049
State House District 90,22900,4409,0.193,4062,0.177,11381,0.497,11519,0.503,1294,0.057,19785,0.864,250,0.011,1571,0.069,1984,0.087,8807,7380,0.838,2102,0.239,8511,0.966,16936,1042,0.062,7370,0.435,91393,22883,860,0.038,2319,0.101,4392,242,0.055,548,0.125,4062,192,0.047,650,0.16,535,0.061
State House District 91,25671,4661,0.182,4554,0.177,12046,0.469,13625,0.531,2981,0.116,14966,0.583,5525,0.215,2199,0.086,4698,0.183,10523,6858,0.652,3994,0.38,9563,0.909,18512,1265,0.068,8702,0.47,75997,25525,1594,0.062,4768,0.187,4633,230,0.05,909,0.196,4481,225,0.05,1037,0.231,1009,0.096
State House District 92,25102,6026,0.24,2931,0.117,11754,0.468,13348,0.532,4920,0.196,7592,0.302,10918,0.435,1672,0.067,3413,0.136,10137,3340,0.329,5154,0.508,7662,0.756,16669,2250,0.135,5902,0.354,41429,24699,5046,0.204,10517,0.426,6005,1348,0.224,2959,0.493,2650,356,0.134,953,0.36,2900,0.286
State House District 93,22708,4162,0.183,2183,0.096,10758,0.474,11950,0.526,3055,0.135,6283,0.277,11563,0.509,1807,0.08,2301,0.101,7697,1995,0.259,4214,0.547,4587,0.596,12056,1989,0.165,3769,0.313,30712,18166,5782,0.318,10055,0.554,4105,1701,0.414,2897,0.706,2144,348,0.162,893,0.417,2536,0.329
State House District 94,23810,5652,0.237,1968,0.083,10626,0.446,13184,0.554,3752,0.158,6461,0.271,11063,0.465,2534,0.106,3569,0.15,8376,3660,0.437,4177,0.499,6820,0.814,13487,1216,0.09,4179,0.31,45983,21265,3982,0.187,7734,0.364,5615,1554,0.277,2734,0.487,1968,250,0.127,735,0.373,1812,0.216
State House District 95,25368,7649,0.302,2032,0.08,11821,0.466,13547,0.534,15266,0.602,3028,0.119,6166,0.243,908,0.036,4476,0.176,8479,1651,0.195,5195,0.613,5745,0.678,13842,4279,0.309,1587,0.115,26767,25161,9964,0.396,17363,0.69,7552,4091,0.542,6220,0.824,1935,650,0.336,1219,0.63,3940,0.465
State House District 96,26090,4038,0.155,2511,0.096,12838,0.492,13252,0.508,3894,0.149,15806,0.606,3085,0.118,3305,0.127,5161,0.198,11416,3831,0.336,5012,0.439,8610,0.754,19065,1475,0.077,10932,0.573,62021,25020,3644,0.146,7754,0.31,3974,634,0.16,1614,0.406,2503,120,0.048,624,0.249,1244,0.109
State House District 97,23962,4970,0.207,3796,0.158,11198,0.467,12764,0.533,8710,0.363,9045,0.377,5421,0.226,786,0.033,3890,0.162,9842,3873,0.394,4924,0.5,7769,0.789,16736,2661,0.159,3908,0.234,40870,23738,5080,0.214,9710,0.409,4903,1670,0.341,2808,0.573,3689,416,0.113,1453,0.394,2230,0.227
State House District 98,22706,4707,0.207,5189,0.229,10821,0.477,11885,0.523,949,0.042,20780,0.915,68,0.003,909,0.04,1366,0.06,8978,7629,0.85,2856,0.318,8683,0.967,16718,642,0.038,9993,0.598,101238,22518,1105,0.049,2436,0.108,4686,281,0.06,540,0.115,5038,156,0.031,653,0.13,508,0.057
State House District 99,23728,4554,0.192,4435,0.187,11398,0.48,12330,0.52,3353,0.141,18378,0.775,616,0.026,1381,0.058,2058,0.087,9335,6207,0.665,3958,0.424,8543,0.915,17327,2101,0.121,3886,0.224,61514,23470,2246,0.096,5153,0.22,4528,625,0.138,1282,0.283,4227,390,0.092,1086,0.257,1075,0.115
State House District 100,22655,4512,0.199,3600,0.159,10810,0.477,11845,0.523,2479,0.109,15399,0.68,2948,0.13,1829,0.081,2253,0.099,9600,5352,0.558,3636,0.379,8640,0.9,16483,1529,0.093,5501,0.334,60977,21888,2970,0.136,5915,0.27,4486,918,0.205,1598,0.356,3318,230,0.069,823,0.248,1521,0.158
State House District 101,23319,5948,0.255,4782,0.205,11461,0.491,11858,0.509,320,0.014,21666,0.929,86,0.004,1247,0.053,1417,0.061,8592,7557,0.88,2637,0.307,8375,0.975,15952,374,0.023,9808,0.615,106124,23077,627,0.027,1878,0.081,5826,48,0.008,330,0.057,4692,183,0.039,772,0.165,258,0.03
State House District 102,23095,3846,0.167,4808,0.208,10775,0.467,12320,0.533,902,0.039,20293,0.879,346,0.015,1554,0.067,2062,0.089,10197,6570,0.644,3836,0.376,9576,0.939,17593,1178,0.067,6912,0.393,68983,22883,1322,0.058,4133,0.181,3814,327,0.086,1005,0.264,4637,228,0.049,1034,0.223,701,0.069
State House District 103,23064,4579,0.199,4287,0.186,12050,0.522,11014,0.478,1438,0.062,18645,0.808,1339,0.058,1642,0.071,1892,0.082,7684,6237,0.812,1858,0.242,7271,0.946,16534,1105,0.067,7467,0.452,95823,20145,463,0.023,1625,0.081,4315,121,0.028,319,0.074,3664,82,0.022,452,0.123,249,0.032
State House District 104,24584,5833,0.237,3249,0.132,11984,0.487,12600,0.513,6730,0.274,14556,0.592,2115,0.086,1183,0.048,3412,0.139,9010,4778,0.53,4597,0.51,7653,0.849,16471,2458,0.149,2860,0.174,44149,24471,4955,0.202,9042,0.369,5786,1847,0.319,2999,0.518,3209,504,0.157,1119,0.349,2084,0.231
State House District 105,23806,5414,0.227,3279,0.138,11845,0.498,11961,0.502,2736,0.115,19495,0.819,671,0.028,904,0.038,2171,0.091,8940,6659,0.745,2753,0.308,8618,0.964,16179,1190,0.074,5143,0.318,79388,23498,1301,0.055,3379,0.144,5357,284,0.053,812,0.152,3063,141,0.046,658,0.215,766,0.086
State House District 106,23352,5955,0.255,3656,0.157,11588,0.496,11764,0.504,1657,0.071,20600,0.882,240,0.01,855,0.037,1903,0.081,8270,7091,0.857,2980,0.36,8021,0.97,15733,674,0.043,8679,0.552,106903,22898,1024,0.045,2353,0.103,5953,221,0.037,522,0.088,3655,201,0.055,703,0.192,286,0.035
State House District 107,25401,5949,0.234,3988,0.157,12629,0.497,12772,0.503,1710,0.067,21374,0.841,407,0.016,1910,0.075,3314,0.13,8937,7325,0.82,2900,0.324,8540,0.956,17475,954,0.055,8266,0.473,105080,25240,1039,0.041,2960,0.117,5947,180,0.03,707,0.119,3837,175,0.046,591,0.154,611,0.068
State House District 108,23542,4925,0.209,3389,0.144,11776,0.5,11766,0.5,2501,0.106,19257,0.818,475,0.02,1309,0.056,2976,0.126,8194,7025,0.857,2665,0.325,7891,0.963,16465,728,0.044,7028,0.427,99011,22388,1110,0.05,3011,0.134,4787,338,0.071,812,0.17,3365,69,0.021,437,0.13,388,0.047
State House District 109,25179,5176,0.206,3275,0.13,12347,0.49,12832,0.51,6832,0.271,13956,0.554,1061,0.042,3330,0.132,7274,0.289,8625,5320,0.617,3460,0.401,7955,0.922,17186,2929,0.17,5133,0.299,72677,24336,3072,0.126,6346,0.261,5097,950,0.186,1821,0.357,3080,311,0.101,709,0.23,780,0.09
State House District 110,24595,5847,0.238,2813,0.114,12102,0.492,12493,0.508,11075,0.45,9539,0.388,1255,0.051,2726,0.111,10902,0.443,8902,3321,0.373,4441,0.499,7758,0.871,16452,4608,0.28,2822,0.172,48762,24252,4021,0.166,10153,0.419,5693,1148,0.202,2919,0.513,2696,615,0.228,1274,0.473,1943,0.218
State House District 111,23832,6922,0.29,3724,0.156,11635,0.488,12197,0.512,1168,0.049,21524,0.903,203,0.009,937,0.039,2400,0.101,8498,7142,0.84,2791,0.328,8270,0.973,15704,321,0.02,11642,0.741,145281,23713,649,0.027,1679,0.071,6922,173,0.025,459,0.066,3613,141,0.039,461,0.128,310,0.036
State House District 112,23189,5826,0.251,3090,0.133,11061,0.477,12128,0.523,943,0.041,20738,0.894,176,0.008,1332,0.057,1979,0.085,7995,7209,0.902,2653,0.332,7813,0.977,15740,721,0.046,8169,0.519,112901,23019,914,0.04,2213,0.096,5792,175,0.03,547,0.094,2954,109,0.037,469,0.159,405,0.051
State House District 113,23612,4405,0.187,3746,0.159,11219,0.475,12393,0.525,1741,0.074,20476,0.867,325,0.014,1070,0.045,3120,0.132,8957,6943,0.775,2984,0.333,8572,0.957,16740,1129,0.067,6698,0.4,87253,23385,1376,0.059,3537,0.151,4377,190,0.043,811,0.185,3555,132,0.037,429,0.121,795,0.089
State House District 114,22628,5114,0.226,4493,0.199,11237,0.497,11391,0.503,1570,0.069,17677,0.781,803,0.035,2578,0.114,3799,0.168,7895,6752,0.855,2734,0.346,7733,0.979,16066,658,0.041,9082,0.565,105104,22412,1099,0.049,2620,0.117,5096,292,0.057,622,0.122,4326,179,0.041,628,0.145,389,0.049
State House District 115,22947,4229,0.184,3060,0.133,11416,0.497,11531,0.503,4408,0.192,13778,0.6,3517,0.153,1244,0.054,3529,0.154,9013,4419,0.49,4263,0.473,7772,0.862,15884,1931,0.122,3185,0.201,49576,22419,2717,0.121,7960,0.355,4211,660,0.157,2043,0.485,2997,217,0.072,976,0.326,1839,0.204
State House District 116,22811,4904,0.215,2142,0.094,11747,0.515,11064,0.485,5909,0.259,7346,0.322,6931,0.304,2625,0.115,4936,0.216,7487,3476,0.464,4223,0.564,6501,0.868,13267,2039,0.154,2781,0.21,44132,20352,4665,0.229,9306,0.457,4848,1511,0.312,2887,0.596,2004,167,0.083,625,0.312,1700,0.227
State House District 117,23166,3863,0.167,4650,0.201,11285,0.487,11881,0.513,1570,0.068,19268,0.832,1029,0.044,1299,0.056,1989,0.086,9104,7520,0.826,3686,0.405,8629,0.948,17571,1268,0.072,6156,0.35,84726,22898,1443,0.063,3459,0.151,3837,223,0.058,490,0.128,4442,387,0.087,1127,0.254,560,0.062
State House District 118,23430,4337,0.185,4156,0.177,11289,0.482,12141,0.518,1982,0.085,18647,0.796,1056,0.045,1745,0.074,2811,0.12,9895,6480,0.655,4007,0.405,9166,0.926,17771,943,0.053,6574,0.37,72790,23237,2483,0.107,4910,0.211,4247,797,0.188,1309,0.308,4059,397,0.098,1075,0.265,852,0.086
State House District 119,23225,4839,0.208,3859,0.166,11300,0.487,11925,0.513,1159,0.05,20457,0.881,208,0.009,1401,0.06,2079,0.09,8644,7497,0.867,2922,0.338,8231,0.952,16557,908,0.055,7818,0.472,98662,23103,891,0.039,2907,0.126,4831,178,0.037,644,0.133,3768,201,0.053,887,0.235,348,0.04
State House District 120,24075,4485,0.186,4224,0.175,11539,0.479,12536,0.521,2370,0.098,18587,0.772,2075,0.086,1043,0.043,3043,0.126,9056,7974,0.881,3424,0.378,8660,0.956,17534,1139,0.065,6493,0.37,83869,23924,1153,0.048,3968,0.166,4395,189,0.043,743,0.169,4165,212,0.051,934,0.224,554,0.061
State House District 121,23039,4674,0.203,3670,0.159,10546,0.458,12493,0.542,4897,0.213,11090,0.481,5498,0.239,1554,0.067,3807,0.165,9210,6472,0.703,4364,0.474,8559,0.929,16374,2191,0.134,4199,0.256,55910,22974,3227,0.14,7168,0.312,4609,950,0.206,1920,0.417,3670,453,0.123,1336,0.364,1356,0.147
State House District 122,24523,4612,0.188,6847,0.279,11652,0.475,12871,0.525,1396,0.057,21610,0.881,368,0.015,1149,0.047,2770,0.113,9752,8441,0.866,3502,0.359,9236,0.947,18754,1115,0.059,8108,0.432,87214,23940,963,0.04,2950,0.123,4463,265,0.059,607,0.136,6444,232,0.036,1231,0.191,334,0.034
State House District 123,23693,5881,0.248,4552,0.192,11387,0.481,12306,0.519,2181,0.092,18590,0.785,926,0.039,1996,0.084,3109,0.131,7906,6792,0.859,2834,0.358,7488,0.947,15962,909,0.057,8676,0.544,112282,23371,450,0.019,2007,0.086,5811,51,0.009,448,0.077,4315,107,0.025,599,0.139,501,0.063
State House District 124,25299,6502,0.257,2873,0.114,12055,0.477,13244,0.523,10531,0.416,2786,0.11,10763,0.425,1219,0.048,6465,0.256,8854,3293,0.372,4800,0.542,6584,0.744,15955,4047,0.254,1976,0.124,36909,24408,5463,0.224,13180,0.54,6241,1755,0.281,4350,0.697,2528,547,0.216,1421,0.562,3106,0.351
State House District 125,23627,7057,0.299,3618,0.153,11567,0.49,12060,0.51,891,0.038,20505,0.868,528,0.022,1703,0.072,2938,0.124,8116,6195,0.763,2701,0.333,7916,0.975,15299,304,0.02,11881,0.777,170724,23362,690,0.03,1833,0.078,7035,122,0.017,435,0.062,3422,92,0.027,420,0.123,195,0.024
State House District 126,23671,5929,0.25,2419,0.102,10870,0.459,12801,0.541,8146,0.344,4082,0.172,9843,0.416,1600,0.068,5861,0.248,7937,5274,0.664,4153,0.523,7085,0.893,15459,2062,0.133,2809,0.182,54927,23503,3192,0.136,8223,0.35,5771,1267,0.22,2887,0.5,2419,138,0.057,656,0.271,1720,0.217
State House District 127,26264,4925,0.188,3621,0.138,13019,0.496,13245,0.504,7588,0.289,11430,0.435,5896,0.224,1350,0.051,9112,0.347,8974,5576,0.621,3901,0.435,8063,0.898,17806,3502,0.197,4131,0.232,58198,24901,3375,0.136,7555,0.303,4863,839,0.173,2112,0.434,3441,360,0.105,915,0.266,1269,0.141
State House District 128,25518,7902,0.31,1459,0.057,12003,0.47,13515,0.53,13414,0.526,2424,0.095,8334,0.327,1346,0.053,7896,0.309,7824,1553,0.198,5036,0.644,5360,0.685,14468,4815,0.333,1160,0.08,30662,25292,9055,0.358,16395,0.648,7768,3954,0.509,6305,0.812,1459,260,0.178,638,0.437,3615,0.462
State House District 129,22617,4697,0.208,2578,0.114,11634,0.514,10983,0.486,7664,0.339,8441,0.373,5105,0.226,1407,0.062,6533,0.289,8745,3129,0.358,4026,0.46,7156,0.818,15759,3529,0.224,4288,0.272,51728,21771,3646,0.167,8049,0.37,4693,1453,0.31,2684,0.572,2564,244,0.095,876,0.342,1719,0.197
State House District 130,23653,5790,0.245,2139,0.09,11750,0.497,11903,0.503,10345,0.437,2779,0.117,8577,0.363,1952,0.083,6337,0.268,8023,1832,0.228,4249,0.53,5456,0.68,14164,4176,0.295,2364,0.167,28634,22346,6722,0.301,12958,0.58,5689,2256,0.397,4109,0.722,2015,525,0.261,1253,0.622,3343,0.417
State House District 131,24711,6261,0.253,3779,0.153,11769,0.476,12942,0.524,1977,0.08,20287,0.821,1143,0.046,1304,0.053,2237,0.091,8535,6348,0.744,2676,0.314,8247,0.966,16576,1302,0.079,6244,0.377,83449,24382,1707,0.07,4789,0.196,6174,535,0.087,1437,0.233,3608,142,0.039,554,0.154,787,0.092
State House District 132,24212,6662,0.275,3964,0.164,11915,0.492,12297,0.508,1026,0.042,21548,0.89,161,0.007,1477,0.061,1981,0.082,8516,7221,0.848,2840,0.333,8296,0.974,15758,478,0.03,10381,0.659,132706,23624,737,0.031,2239,0.095,6539,97,0.015,398,0.061,3710,119,0.032,617,0.166,203,0.024
State House District 133,23766,5330,0.224,2864,0.121,10856,0.457,12910,0.543,2415,0.102,18330,0.771,500,0.021,2521,0.106,4055,0.171,7878,5772,0.733,2930,0.372,7488,0.95,14450,789,0.055,8092,0.56,96639,21407,1334,0.062,3422,0.16,5259,361,0.069,837,0.159,2864,145,0.051,513,0.179,427,0.054
State House District 134,23950,5730,0.239,4475,0.187,11920,0.498,12030,0.502,1302,0.054,21079,0.88,597,0.025,972,0.041,2291,0.096,7263,6734,0.927,2364,0.325,7106,0.978,15520,732,0.047,8665,0.558,131099,22206,698,0.031,2013,0.091,5662,129,0.023,465,0.082,3869,78,0.02,374,0.097,368,0.051
State House District 135,23782,6178,0.26,3842,0.162,11985,0.504,11797,0.496,1343,0.056,20999,0.883,188,0.008,1252,0.053,2890,0.122,8448,7628,0.903,3308,0.392,8274,0.979,16234,504,0.031,11360,0.7,158618,23685,657,0.028,1600,0.068,6145,125,0.02,262,0.043,3800,91,0.024,329,0.087,146,0.017
State House District 136,25294,7063,0.279,4021,0.159,12170,0.481,13124,0.519,1287,0.051,21660,0.856,175,0.007,2172,0.086,3071,0.121,8897,7533,0.847,2861,0.322,8662,0.974,16679,196,0.012,12907,0.774,170788,25121,1125,0.045,2321,0.092,7047,208,0.03,574,0.081,3896,145,0.037,317,0.081,339,0.038
State House District 137,24445,4463,0.183,3517,0.144,11348,0.464,13097,0.536,5446,0.223,13080,0.535,3904,0.16,2015,0.082,7040,0.288,9907,5064,0.511,4264,0.43,8924,0.901,17823,2020,0.113,7218,0.405,75620,24156,2519,0.104,6086,0.252,4403,420,0.095,1471,0.334,3324,575,0.173,1047,0.315,868,0.088
State House District 138,24872,5512,0.222,3291,0.132,12152,0.489,12720,0.511,4417,0.178,16902,0.68,1426,0.057,2127,0.086,5102,0.205,8607,6463,0.751,2882,0.335,8318,0.966,16455,1421,0.086,7243,0.44,90111,23603,835,0.035,3440,0.146,5399,137,0.025,1187,0.22,3141,102,0.032,438,0.139,348,0.04
State House District 139,23926,4965,0.208,3881,0.162,12104,0.506,11822,0.494,1722,0.072,17702,0.74,1423,0.059,3079,0.129,2377,0.099,9131,6282,0.688,2930,0.321,8426,0.923,16950,1581,0.093,3579,0.211,64758,23786,2465,0.104,5997,0.252,4946,786,0.159,1817,0.367,3782,242,0.064,778,0.206,1316,0.144
State House District 140,24452,5561,0.227,1945,0.08,12229,0.5,12223,0.5,11766,0.481,5272,0.216,5980,0.245,1434,0.059,9990,0.409,8461,3257,0.385,4193,0.496,7254,0.857,15573,3453,0.222,3953,0.254,53818,24322,3445,0.142,10063,0.414,5444,1224,0.225,3488,0.641,1945,228,0.117,641,0.33,1563,0.185
State House District 141,24274,7287,0.3,3348,0.138,11885,0.49,12389,0.51,850,0.035,21191,0.873,456,0.019,1777,0.073,2680,0.11,7948,6720,0.845,2664,0.335,7774,0.978,15320,434,0.028,11446,0.747,181548,24274,1197,0.049,2351,0.097,7287,351,0.048,519,0.071,3348,78,0.023,413,0.123,201,0.025
State House District 142,26003,5739,0.221,4411,0.17,12591,0.484,13412,0.516,2944,0.113,19197,0.738,1667,0.064,2195,0.084,5076,0.195,9532,7929,0.832,3140,0.329,9230,0.968,18560,1012,0.055,9896,0.533,115350,25811,674,0.026,2145,0.083,5724,116,0.02,442,0.077,4258,151,0.035,490,0.115,272,0.029
State House District 143,24681,6335,0.257,3816,0.155,11960,0.485,12721,0.515,2216,0.09,19891,0.806,1064,0.043,1510,0.061,3220,0.13,8623,6951,0.806,2979,0.345,8299,0.962,16645,706,0.042,10310,0.619,130681,24642,1222,0.05,2723,0.111,6321,285,0.045,682,0.108,3816,167,0.044,511,0.134,281,0.033
State House District 144,23534,4758,0.202,3706,0.157,11790,0.501,11744,0.499,3150,0.134,15952,0.678,1702,0.072,2730,0.116,6151,0.261,8494,6678,0.786,3074,0.362,8134,0.958,16838,1083,0.064,8681,0.516,110572,23397,788,0.034,2412,0.103,4746,169,0.036,608,0.128,3613,143,0.04,493,0.136,246,0.029
State House District 145,23723,5620,0.237,2744,0.116,12242,0.516,11481,0.484,9930,0.419,5347,0.225,7335,0.309,1111,0.047,9828,0.414,8407,2878,0.342,4495,0.535,6782,0.807,16224,3495,0.215,4185,0.258,57240,23530,4453,0.189,9709,0.413,5485,1368,0.249,2853,0.52,2697,582,0.216,1039,0.385,1970,0.234
State House District 146,27641,4768,0.172,2641,0.096,14039,0.508,13602,0.492,7299,0.264,12860,0.465,3172,0.115,4310,0.156,10737,0.388,12099,3353,0.277,4949,0.409,10468,0.865,20182,1735,0.086,11514,0.571,81457,27542,3189,0.116,7164,0.26,4675,672,0.144,1758,0.376,2641,371,0.14,812,0.307,1243,0.103
State House District 147,23190,6225,0.268,3514,0.152,10946,0.472,12244,0.528,3573,0.154,16185,0.698,1110,0.048,2322,0.1,4625,0.199,8098,6820,0.842,2950,0.364,7785,0.961,15769,572,0.036,9631,0.611,129600,23019,550,0.024,2381,0.103,6179,79,0.013,804,0.13,3406,74,0.022,207,0.061,210,0.026
State House District 148,24534,5196,0.212,2906,0.118,12226,0.498,12308,0.502,9585,0.391,8781,0.358,4307,0.176,1861,0.076,9952,0.406,8916,4699,0.527,5134,0.576,7992,0.896,16812,2824,0.168,5620,0.334,58014,24185,2067,0.085,7592,0.314,5111,384,0.075,2068,0.405,2673,362,0.135,799,0.299,909,0.102
State House District 149,22793,4892,0.215,4443,0.195,11139,0.489,11654,0.511,1276,0.056,19323,0.848,732,0.032,1462,0.064,3827,0.168,7765,6359,0.819,2439,0.314,7654,0.986,16345,633,0.039,11233,0.687,158972,22467,1352,0.06,2240,0.1,4843,270,0.056,406,0.084,4212,128,0.03,413,0.098,155,0.02
State House District 150,24097,6169,0.256,3407,0.141,11480,0.476,12617,0.524,4233,0.176,16346,0.678,751,0.031,2767,0.115,6814,0.283,8988,4636,0.516,3375,0.376,8447,0.94,16345,944,0.058,10036,0.614,106003,24076,1837,0.076,4593,0.191,6154,513,0.083,1202,0.195,3402,278,0.082,714,0.21,535,0.06
State House District 151,23364,6541,0.28,3965,0.17,11439,0.49,11925,0.51,2577,0.11,17826,0.763,313,0.013,2648,0.113,5317,0.228,8003,6041,0.755,2441,0.305,7718,0.964,15530,668,0.043,10795,0.695,169938,23161,943,0.041,2036,0.088,6519,197,0.03,412,0.063,3799,187,0.049,544,0.143,178,0.022
Connecticut,3588570,773652,0.216,555023,0.155,1750270,0.488,1838300,0.512,537728,0.15,2464450,0.687,347674,0.097,238718,0.067,503209,0.14,1354713,900223,0.665,497925,0.368,1232084,0.909,2466129,242932,0.099,938319,0.38,71755,3479672,360464,0.104,812120,0.233,763850,107690,0.141,229817,0.301,533413,38003,0.071,122224,0.229,179850,0.133
